Customer_ID,Customer_Name,Region,State,Customer_Segment,Gender,Age
CUST0001,Customer 1,East,Odisha,Returning Customer,Male,22
CUST0002,Customer 2,North,Haryana,Loyal Customer,Male,50
CUST0003,Customer 3,South,Karnataka,New Customer,Female,44
CUST0004,Customer 4,North,Uttar Pradesh,New Customer,Female,21
CUST0005,Customer 5,North,Uttar Pradesh,Loyal Customer,Male,54
CUST0006,Customer 6,West,Maharashtra,New Customer,Male,53
CUST0007,Customer 7,South,Telangana,Returning Customer,Male,52
CUST0008,Customer 8,North,Haryana,Loyal Customer,Male,24
CUST0009,Customer 9,South,Telangana,New Customer,Male,54
CUST0010,Customer 10,North,Uttar Pradesh,Returning Customer,Female,38
CUST0011,Customer 11,West,Goa,Returning Customer,Female,33
CUST0012,Customer 12,South,Tamil Nadu,New Customer,Female,51
CUST0013,Customer 13,West,Rajasthan,Loyal Customer,Female,36
CUST0014,Customer 14,North,Delhi,Loyal Customer,Female,28
CUST0015,Customer 15,East,Odisha,Returning Customer,Female,20
CUST0016,Customer 16,North,Haryana,Returning Customer,Female,49
CUST0017,Customer 17,West,Maharashtra,New Customer,Female,48
CUST0018,Customer 18,North,Delhi,Loyal Customer,Female,54
CUST0019,Customer 19,West,Rajasthan,Loyal Customer,Female,40
CUST0020,Customer 20,North,Punjab,Returning Customer,Male,25
CUST0021,Customer 21,West,Maharashtra,New Customer,Female,26
CUST0022,Customer 22,South,Kerala,Returning Customer,Female,23
CUST0023,Customer 23,South,Kerala,Returning Customer,Female,26
CUST0024,Customer 24,West,Rajasthan,Loyal Customer,Female,40
CUST0025,Customer 25,West,Gujarat,New Customer,Male,29
CUST0026,Customer 26,South,Tamil Nadu,Loyal Customer,Male,18
CUST0027,Customer 27,West,Gujarat,Returning Customer,Female,18
CUST0028,Customer 28,South,Kerala,Loyal Customer,Female,54
CUST0029,Customer 29,East,Odisha,Loyal Customer,Male,47
CUST0030,Customer 30,West,Goa,Returning Customer,Female,24
CUST0031,Customer 31,West,Goa,New Customer,Male,22
CUST0032,Customer 32,South,Kerala,New Customer,Male,39
CUST0033,Customer 33,North,Delhi,New Customer,Male,52
CUST0034,Customer 34,North,Haryana,Loyal Customer,Male,22
CUST0035,Customer 35,South,Kerala,New Customer,Female,40
CUST0036,Customer 36,East,Jharkhand,New Customer,Male,49
CUST0037,Customer 37,West,Goa,Returning Customer,Female,23
CUST0038,Customer 38,South,Karnataka,Loyal Customer,Female,34
CUST0039,Customer 39,West,Gujarat,Loyal Customer,Male,31
CUST0040,Customer 40,East,Odisha,Loyal Customer,Male,51
CUST0041,Customer 41,East,West Bengal,Loyal Customer,Female,51
CUST0042,Customer 42,East,Odisha,Returning Customer,Male,52
CUST0043,Customer 43,East,Odisha,Loyal Customer,Male,33
CUST0044,Customer 44,West,Gujarat,New Customer,Female,40
CUST0045,Customer 45,North,Delhi,Returning Customer,Female,34
CUST0046,Customer 46,South,Telangana,Returning Customer,Female,41
CUST0047,Customer 47,North,Uttar Pradesh,New Customer,Male,48
CUST0048,Customer 48,South,Telangana,New Customer,Female,18
CUST0049,Customer 49,West,Rajasthan,Loyal Customer,Male,25
CUST0050,Customer 50,West,Gujarat,Returning Customer,Male,45
CUST0051,Customer 51,East,West Bengal,Loyal Customer,Female,47
CUST0052,Customer 52,West,Maharashtra,Loyal Customer,Male,28
CUST0053,Customer 53,South,Karnataka,New Customer,Female,27
CUST0054,Customer 54,West,Rajasthan,New Customer,Male,19
CUST0055,Customer 55,North,Delhi,Loyal Customer,Male,45
CUST0056,Customer 56,South,Tamil Nadu,New Customer,Female,31
CUST0057,Customer 57,East,Odisha,Loyal Customer,Female,34
CUST0058,Customer 58,West,Gujarat,New Customer,Female,47
CUST0059,Customer 59,West,Gujarat,Loyal Customer,Male,51
CUST0060,Customer 60,North,Punjab,New Customer,Male,27
CUST0061,Customer 61,South,Tamil Nadu,Returning Customer,Male,53
CUST0062,Customer 62,North,Haryana,Loyal Customer,Female,24
CUST0063,Customer 63,North,Uttar Pradesh,New Customer,Female,20
CUST0064,Customer 64,North,Punjab,Loyal Customer,Male,22
CUST0065,Customer 65,West,Rajasthan,Loyal Customer,Male,35
CUST0066,Customer 66,West,Goa,Loyal Customer,Male,51
CUST0067,Customer 67,East,Odisha,Returning Customer,Male,44
CUST0068,Customer 68,North,Punjab,Returning Customer,Female,22
CUST0069,Customer 69,South,Kerala,New Customer,Male,37
CUST0070,Customer 70,North,Uttar Pradesh,Loyal Customer,Female,27
CUST0071,Customer 71,East,Odisha,Returning Customer,Male,24
CUST0072,Customer 72,West,Goa,New Customer,Male,28
CUST0073,Customer 73,West,Goa,Returning Customer,Female,30
CUST0074,Customer 74,East,Bihar,New Customer,Female,19
CUST0075,Customer 75,East,Jharkhand,Returning Customer,Male,42
CUST0076,Customer 76,East,Bihar,Loyal Customer,Male,25
CUST0077,Customer 77,South,Karnataka,New Customer,Female,35
CUST0078,Customer 78,North,Uttar Pradesh,Returning Customer,Male,45
CUST0079,Customer 79,East,Jharkhand,New Customer,Female,38
CUST0080,Customer 80,North,Haryana,New Customer,Male,45
CUST0081,Customer 81,North,Haryana,New Customer,Male,34
CUST0082,Customer 82,North,Uttar Pradesh,New Customer,Female,25
CUST0083,Customer 83,West,Maharashtra,Returning Customer,Female,35
CUST0084,Customer 84,South,Karnataka,Loyal Customer,Male,25
CUST0085,Customer 85,South,Telangana,New Customer,Male,30
CUST0086,Customer 86,East,Bihar,Loyal Customer,Male,36
CUST0087,Customer 87,West,Gujarat,Returning Customer,Female,19
CUST0088,Customer 88,East,West Bengal,New Customer,Male,50
CUST0089,Customer 89,South,Kerala,New Customer,Female,24
CUST0090,Customer 90,West,Goa,Loyal Customer,Female,50
CUST0091,Customer 91,East,Odisha,New Customer,Female,30
CUST0092,Customer 92,South,Kerala,Returning Customer,Male,26
CUST0093,Customer 93,North,Delhi,Loyal Customer,Female,45
CUST0094,Customer 94,South,Karnataka,New Customer,Female,50
CUST0095,Customer 95,East,Odisha,Loyal Customer,Female,20
CUST0096,Customer 96,West,Gujarat,New Customer,Female,46
CUST0097,Customer 97,North,Haryana,Returning Customer,Female,53
CUST0098,Customer 98,East,Odisha,New Customer,Female,31
CUST0099,Customer 99,East,Odisha,New Customer,Female,42
CUST0100,Customer 100,North,Punjab,Returning Customer,Male,33
CUST0101,Customer 101,North,Delhi,Returning Customer,Male,27
CUST0102,Customer 102,West,Maharashtra,Returning Customer,Male,37
CUST0103,Customer 103,East,Odisha,New Customer,Male,42
CUST0104,Customer 104,East,Jharkhand,New Customer,Female,27
CUST0105,Customer 105,North,Punjab,Loyal Customer,Male,51
CUST0106,Customer 106,North,Uttar Pradesh,New Customer,Male,20
CUST0107,Customer 107,South,Telangana,New Customer,Female,46
CUST0108,Customer 108,North,Delhi,Loyal Customer,Male,49
CUST0109,Customer 109,East,West Bengal,Returning Customer,Male,50
CUST0110,Customer 110,North,Delhi,Loyal Customer,Female,34
CUST0111,Customer 111,North,Haryana,New Customer,Male,32
CUST0112,Customer 112,West,Goa,Returning Customer,Male,48
CUST0113,Customer 113,East,West Bengal,Loyal Customer,Male,22
CUST0114,Customer 114,South,Telangana,Returning Customer,Female,54
CUST0115,Customer 115,South,Karnataka,Returning Customer,Male,49
CUST0116,Customer 116,East,West Bengal,Loyal Customer,Male,49
CUST0117,Customer 117,East,Bihar,Returning Customer,Female,47
CUST0118,Customer 118,North,Uttar Pradesh,Returning Customer,Male,48
CUST0119,Customer 119,North,Haryana,Returning Customer,Male,50
CUST0120,Customer 120,West,Rajasthan,Returning Customer,Male,31
CUST0121,Customer 121,North,Delhi,New Customer,Female,41
CUST0122,Customer 122,South,Telangana,New Customer,Female,32
CUST0123,Customer 123,West,Goa,Returning Customer,Male,28
CUST0124,Customer 124,North,Punjab,Loyal Customer,Female,43
CUST0125,Customer 125,East,Odisha,Returning Customer,Female,42
CUST0126,Customer 126,East,West Bengal,Returning Customer,Male,38
CUST0127,Customer 127,East,Jharkhand,New Customer,Male,18
CUST0128,Customer 128,East,Bihar,Returning Customer,Male,43
CUST0129,Customer 129,West,Maharashtra,Returning Customer,Female,35
CUST0130,Customer 130,North,Haryana,New Customer,Male,36
CUST0131,Customer 131,South,Tamil Nadu,Returning Customer,Female,50
CUST0132,Customer 132,East,Odisha,Returning Customer,Female,19
CUST0133,Customer 133,West,Gujarat,Loyal Customer,Male,21
CUST0134,Customer 134,West,Goa,Loyal Customer,Male,36
CUST0135,Customer 135,West,Maharashtra,Loyal Customer,Male,28
CUST0136,Customer 136,West,Goa,Returning Customer,Female,37
CUST0137,Customer 137,East,Bihar,Returning Customer,Male,37
CUST0138,Customer 138,West,Goa,New Customer,Male,28
CUST0139,Customer 139,North,Uttar Pradesh,Loyal Customer,Female,53
CUST0140,Customer 140,South,Kerala,Returning Customer,Female,45
CUST0141,Customer 141,South,Tamil Nadu,New Customer,Male,29
CUST0142,Customer 142,East,West Bengal,Returning Customer,Male,41
CUST0143,Customer 143,East,Odisha,New Customer,Female,42
CUST0144,Customer 144,West,Gujarat,Returning Customer,Female,39
CUST0145,Customer 145,North,Punjab,Returning Customer,Female,26
CUST0146,Customer 146,South,Karnataka,Returning Customer,Male,42
CUST0147,Customer 147,West,Goa,Returning Customer,Female,19
CUST0148,Customer 148,South,Karnataka,Returning Customer,Female,55
CUST0149,Customer 149,West,Maharashtra,New Customer,Female,51
CUST0150,Customer 150,West,Goa,New Customer,Male,32
CUST0151,Customer 151,South,Tamil Nadu,Loyal Customer,Male,47
CUST0152,Customer 152,North,Delhi,New Customer,Male,32
CUST0153,Customer 153,North,Haryana,New Customer,Female,51
CUST0154,Customer 154,West,Maharashtra,New Customer,Male,37
CUST0155,Customer 155,South,Kerala,Returning Customer,Male,18
CUST0156,Customer 156,North,Haryana,Returning Customer,Female,38
CUST0157,Customer 157,South,Kerala,Loyal Customer,Male,53
CUST0158,Customer 158,South,Karnataka,Returning Customer,Female,21
CUST0159,Customer 159,North,Uttar Pradesh,Returning Customer,Female,23
CUST0160,Customer 160,East,Odisha,Loyal Customer,Female,41
CUST0161,Customer 161,South,Kerala,New Customer,Female,44
CUST0162,Customer 162,East,Jharkhand,New Customer,Male,36
CUST0163,Customer 163,North,Uttar Pradesh,Returning Customer,Male,37
CUST0164,Customer 164,South,Tamil Nadu,Returning Customer,Male,34
CUST0165,Customer 165,East,West Bengal,Loyal Customer,Female,29
CUST0166,Customer 166,South,Kerala,Returning Customer,Male,27
CUST0167,Customer 167,West,Maharashtra,New Customer,Male,27
CUST0168,Customer 168,West,Maharashtra,Loyal Customer,Male,29
CUST0169,Customer 169,West,Goa,Loyal Customer,Female,25
CUST0170,Customer 170,North,Uttar Pradesh,Returning Customer,Male,29
CUST0171,Customer 171,West,Maharashtra,Returning Customer,Female,41
CUST0172,Customer 172,East,Jharkhand,New Customer,Male,18
CUST0173,Customer 173,North,Haryana,New Customer,Female,44
CUST0174,Customer 174,North,Uttar Pradesh,Returning Customer,Female,37
CUST0175,Customer 175,West,Maharashtra,New Customer,Female,30
CUST0176,Customer 176,East,Jharkhand,New Customer,Female,41
CUST0177,Customer 177,West,Maharashtra,Loyal Customer,Female,33
CUST0178,Customer 178,West,Maharashtra,Returning Customer,Male,47
CUST0179,Customer 179,North,Delhi,Returning Customer,Male,22
CUST0180,Customer 180,East,Bihar,Returning Customer,Female,20
CUST0181,Customer 181,East,Bihar,Returning Customer,Female,18
CUST0182,Customer 182,North,Delhi,New Customer,Male,48
CUST0183,Customer 183,West,Goa,Returning Customer,Female,49
CUST0184,Customer 184,South,Kerala,New Customer,Male,37
CUST0185,Customer 185,South,Tamil Nadu,Returning Customer,Female,47
CUST0186,Customer 186,East,West Bengal,Loyal Customer,Male,43
CUST0187,Customer 187,South,Tamil Nadu,Returning Customer,Male,20
CUST0188,Customer 188,West,Rajasthan,New Customer,Female,24
CUST0189,Customer 189,North,Haryana,Loyal Customer,Male,31
CUST0190,Customer 190,North,Punjab,Returning Customer,Female,29
CUST0191,Customer 191,South,Tamil Nadu,Returning Customer,Female,33
CUST0192,Customer 192,North,Haryana,Returning Customer,Female,54
CUST0193,Customer 193,East,Bihar,Returning Customer,Female,30
CUST0194,Customer 194,West,Gujarat,New Customer,Male,33
CUST0195,Customer 195,South,Telangana,Loyal Customer,Male,38
CUST0196,Customer 196,North,Punjab,Returning Customer,Male,50
CUST0197,Customer 197,South,Karnataka,Loyal Customer,Female,20
CUST0198,Customer 198,North,Delhi,Returning Customer,Male,46
CUST0199,Customer 199,East,West Bengal,Returning Customer,Male,25
CUST0200,Customer 200,North,Uttar Pradesh,Loyal Customer,Male,22
CUST0201,Customer 201,East,Odisha,Returning Customer,Female,18
CUST0202,Customer 202,North,Haryana,New Customer,Male,41
CUST0203,Customer 203,East,Odisha,New Customer,Male,34
CUST0204,Customer 204,North,Uttar Pradesh,New Customer,Female,44
CUST0205,Customer 205,East,Odisha,Loyal Customer,Female,22
CUST0206,Customer 206,South,Karnataka,Returning Customer,Female,22
CUST0207,Customer 207,West,Maharashtra,Returning Customer,Male,52
CUST0208,Customer 208,North,Uttar Pradesh,Returning Customer,Female,44
CUST0209,Customer 209,East,Bihar,Returning Customer,Male,37
CUST0210,Customer 210,East,Jharkhand,Returning Customer,Male,41
CUST0211,Customer 211,South,Kerala,Loyal Customer,Female,31
CUST0212,Customer 212,North,Punjab,New Customer,Female,25
CUST0213,Customer 213,North,Punjab,Loyal Customer,Female,47
CUST0214,Customer 214,South,Tamil Nadu,New Customer,Male,53
CUST0215,Customer 215,South,Kerala,New Customer,Female,50
CUST0216,Customer 216,South,Tamil Nadu,Returning Customer,Female,28
CUST0217,Customer 217,South,Karnataka,New Customer,Female,49
CUST0218,Customer 218,South,Telangana,New Customer,Male,48
CUST0219,Customer 219,East,West Bengal,Loyal Customer,Female,23
CUST0220,Customer 220,South,Tamil Nadu,Loyal Customer,Female,30
CUST0221,Customer 221,West,Gujarat,Loyal Customer,Male,20
CUST0222,Customer 222,West,Gujarat,Returning Customer,Female,25
CUST0223,Customer 223,South,Tamil Nadu,Loyal Customer,Male,20
CUST0224,Customer 224,North,Haryana,New Customer,Female,47
CUST0225,Customer 225,East,Jharkhand,Returning Customer,Male,45
CUST0226,Customer 226,West,Rajasthan,Returning Customer,Female,29
CUST0227,Customer 227,North,Delhi,Loyal Customer,Female,47
CUST0228,Customer 228,South,Kerala,Loyal Customer,Female,29
CUST0229,Customer 229,West,Goa,New Customer,Male,26
CUST0230,Customer 230,East,Jharkhand,Returning Customer,Male,46
CUST0231,Customer 231,North,Delhi,Loyal Customer,Male,23
CUST0232,Customer 232,East,West Bengal,New Customer,Female,26
CUST0233,Customer 233,North,Delhi,Loyal Customer,Male,30
CUST0234,Customer 234,South,Kerala,Returning Customer,Male,32
CUST0235,Customer 235,North,Haryana,Loyal Customer,Female,28
CUST0236,Customer 236,East,Bihar,Returning Customer,Male,34
CUST0237,Customer 237,West,Gujarat,Loyal Customer,Female,50
CUST0238,Customer 238,South,Telangana,Returning Customer,Male,30
CUST0239,Customer 239,South,Kerala,New Customer,Female,38
CUST0240,Customer 240,West,Gujarat,Returning Customer,Male,51
CUST0241,Customer 241,North,Haryana,Returning Customer,Male,34
CUST0242,Customer 242,West,Rajasthan,Returning Customer,Female,41
CUST0243,Customer 243,South,Telangana,Returning Customer,Male,46
CUST0244,Customer 244,South,Tamil Nadu,Loyal Customer,Male,36
CUST0245,Customer 245,East,Bihar,Loyal Customer,Female,18
CUST0246,Customer 246,North,Uttar Pradesh,New Customer,Female,45
CUST0247,Customer 247,West,Rajasthan,New Customer,Male,49
CUST0248,Customer 248,South,Karnataka,New Customer,Male,18
CUST0249,Customer 249,East,Bihar,New Customer,Female,52
CUST0250,Customer 250,South,Kerala,Loyal Customer,Female,55
CUST0251,Customer 251,South,Tamil Nadu,Returning Customer,Female,28
CUST0252,Customer 252,South,Karnataka,New Customer,Male,46
CUST0253,Customer 253,North,Delhi,Loyal Customer,Male,35
CUST0254,Customer 254,West,Rajasthan,New Customer,Male,53
CUST0255,Customer 255,East,Jharkhand,Loyal Customer,Female,33
CUST0256,Customer 256,South,Karnataka,New Customer,Male,52
CUST0257,Customer 257,North,Punjab,New Customer,Male,28
CUST0258,Customer 258,North,Delhi,New Customer,Male,27
CUST0259,Customer 259,West,Gujarat,Loyal Customer,Female,29
CUST0260,Customer 260,East,West Bengal,Returning Customer,Male,48
CUST0261,Customer 261,North,Punjab,Returning Customer,Female,23
CUST0262,Customer 262,West,Gujarat,New Customer,Male,34
CUST0263,Customer 263,South,Karnataka,New Customer,Female,34
CUST0264,Customer 264,North,Haryana,Loyal Customer,Female,51
CUST0265,Customer 265,East,Bihar,Loyal Customer,Male,23
CUST0266,Customer 266,North,Uttar Pradesh,Returning Customer,Male,30
CUST0267,Customer 267,South,Telangana,New Customer,Female,39
CUST0268,Customer 268,South,Kerala,Loyal Customer,Female,48
CUST0269,Customer 269,North,Delhi,Returning Customer,Male,54
CUST0270,Customer 270,East,Odisha,Returning Customer,Male,54
CUST0271,Customer 271,South,Tamil Nadu,New Customer,Male,25
CUST0272,Customer 272,North,Uttar Pradesh,Returning Customer,Male,19
CUST0273,Customer 273,North,Delhi,New Customer,Male,22
CUST0274,Customer 274,North,Delhi,Loyal Customer,Female,30
CUST0275,Customer 275,North,Punjab,New Customer,Male,31
CUST0276,Customer 276,South,Karnataka,New Customer,Male,23
CUST0277,Customer 277,East,Jharkhand,New Customer,Male,24
CUST0278,Customer 278,South,Telangana,Returning Customer,Female,45
CUST0279,Customer 279,East,West Bengal,Returning Customer,Female,36
CUST0280,Customer 280,North,Haryana,Returning Customer,Female,36
CUST0281,Customer 281,North,Punjab,New Customer,Female,51
CUST0282,Customer 282,North,Haryana,Returning Customer,Male,52
CUST0283,Customer 283,South,Karnataka,Loyal Customer,Female,28
CUST0284,Customer 284,West,Maharashtra,Loyal Customer,Male,36
CUST0285,Customer 285,North,Delhi,Returning Customer,Female,24
CUST0286,Customer 286,West,Gujarat,Returning Customer,Female,50
CUST0287,Customer 287,East,Odisha,Returning Customer,Male,32
CUST0288,Customer 288,West,Gujarat,New Customer,Male,49
CUST0289,Customer 289,North,Haryana,Returning Customer,Male,43
CUST0290,Customer 290,West,Maharashtra,Returning Customer,Male,41
CUST0291,Customer 291,South,Telangana,Returning Customer,Female,52
CUST0292,Customer 292,South,Kerala,Loyal Customer,Male,47
CUST0293,Customer 293,South,Karnataka,Returning Customer,Female,51
CUST0294,Customer 294,South,Kerala,Loyal Customer,Female,28
CUST0295,Customer 295,West,Goa,Loyal Customer,Female,55
CUST0296,Customer 296,South,Tamil Nadu,Returning Customer,Female,33
CUST0297,Customer 297,South,Telangana,Returning Customer,Male,27
CUST0298,Customer 298,South,Telangana,Loyal Customer,Female,28
CUST0299,Customer 299,South,Telangana,New Customer,Female,24
CUST0300,Customer 300,South,Karnataka,New Customer,Female,27
CUST0301,Customer 301,South,Telangana,Loyal Customer,Female,45
CUST0302,Customer 302,East,Odisha,New Customer,Male,35
CUST0303,Customer 303,South,Kerala,Returning Customer,Male,18
CUST0304,Customer 304,West,Goa,Loyal Customer,Male,50
CUST0305,Customer 305,East,Jharkhand,New Customer,Male,34
CUST0306,Customer 306,West,Maharashtra,Loyal Customer,Male,45
CUST0307,Customer 307,West,Gujarat,Loyal Customer,Male,29
CUST0308,Customer 308,North,Punjab,Returning Customer,Female,34
CUST0309,Customer 309,North,Punjab,New Customer,Female,28
CUST0310,Customer 310,East,Jharkhand,Returning Customer,Female,19
CUST0311,Customer 311,West,Gujarat,Loyal Customer,Female,18
CUST0312,Customer 312,West,Goa,New Customer,Male,34
CUST0313,Customer 313,South,Tamil Nadu,Loyal Customer,Male,51
CUST0314,Customer 314,East,West Bengal,Loyal Customer,Female,52
CUST0315,Customer 315,South,Kerala,Loyal Customer,Male,41
CUST0316,Customer 316,East,Jharkhand,Loyal Customer,Female,31
CUST0317,Customer 317,South,Kerala,Loyal Customer,Male,40
CUST0318,Customer 318,North,Haryana,Returning Customer,Female,43
CUST0319,Customer 319,North,Delhi,New Customer,Female,44
CUST0320,Customer 320,East,Bihar,New Customer,Male,37
CUST0321,Customer 321,West,Gujarat,Returning Customer,Female,31
CUST0322,Customer 322,South,Tamil Nadu,New Customer,Male,48
CUST0323,Customer 323,South,Tamil Nadu,Returning Customer,Female,47
CUST0324,Customer 324,East,Odisha,Returning Customer,Female,32
CUST0325,Customer 325,East,Jharkhand,Loyal Customer,Female,45
CUST0326,Customer 326,South,Kerala,New Customer,Female,40
CUST0327,Customer 327,South,Telangana,Returning Customer,Female,49
CUST0328,Customer 328,West,Maharashtra,Loyal Customer,Female,27
CUST0329,Customer 329,East,Jharkhand,New Customer,Male,54
CUST0330,Customer 330,East,Odisha,Loyal Customer,Female,55
CUST0331,Customer 331,North,Delhi,New Customer,Male,36
CUST0332,Customer 332,East,West Bengal,Loyal Customer,Male,32
CUST0333,Customer 333,South,Kerala,Returning Customer,Male,31
CUST0334,Customer 334,West,Gujarat,Loyal Customer,Male,53
CUST0335,Customer 335,East,Odisha,Returning Customer,Male,51
CUST0336,Customer 336,North,Punjab,Loyal Customer,Male,53
CUST0337,Customer 337,North,Haryana,Returning Customer,Male,26
CUST0338,Customer 338,West,Goa,Loyal Customer,Male,48
CUST0339,Customer 339,West,Gujarat,Loyal Customer,Female,33
CUST0340,Customer 340,West,Gujarat,Loyal Customer,Male,28
CUST0341,Customer 341,East,Jharkhand,Loyal Customer,Female,36
CUST0342,Customer 342,West,Rajasthan,Returning Customer,Female,22
CUST0343,Customer 343,South,Telangana,Loyal Customer,Male,19
CUST0344,Customer 344,North,Haryana,New Customer,Female,49
CUST0345,Customer 345,South,Karnataka,New Customer,Female,26
CUST0346,Customer 346,East,West Bengal,Loyal Customer,Female,39
CUST0347,Customer 347,West,Gujarat,Returning Customer,Female,39
CUST0348,Customer 348,West,Rajasthan,Loyal Customer,Male,36
CUST0349,Customer 349,East,Bihar,Returning Customer,Female,39
CUST0350,Customer 350,East,Bihar,New Customer,Female,25
CUST0351,Customer 351,East,Odisha,Returning Customer,Female,26
CUST0352,Customer 352,North,Delhi,Returning Customer,Female,52
CUST0353,Customer 353,North,Punjab,Returning Customer,Male,18
CUST0354,Customer 354,North,Uttar Pradesh,Returning Customer,Male,50
CUST0355,Customer 355,West,Gujarat,Loyal Customer,Male,31
CUST0356,Customer 356,North,Punjab,Loyal Customer,Male,24
CUST0357,Customer 357,South,Karnataka,Returning Customer,Male,18
CUST0358,Customer 358,East,Odisha,Returning Customer,Female,37
CUST0359,Customer 359,South,Kerala,New Customer,Female,19
CUST0360,Customer 360,West,Maharashtra,Returning Customer,Male,25
CUST0361,Customer 361,West,Goa,Returning Customer,Male,18
CUST0362,Customer 362,West,Gujarat,Returning Customer,Female,53
CUST0363,Customer 363,North,Delhi,Loyal Customer,Female,31
CUST0364,Customer 364,South,Karnataka,Returning Customer,Male,18
CUST0365,Customer 365,North,Delhi,New Customer,Male,26
CUST0366,Customer 366,West,Maharashtra,Returning Customer,Male,46
CUST0367,Customer 367,South,Karnataka,Returning Customer,Male,23
CUST0368,Customer 368,East,Jharkhand,Returning Customer,Female,21
CUST0369,Customer 369,North,Delhi,New Customer,Male,23
CUST0370,Customer 370,West,Rajasthan,Returning Customer,Male,49
CUST0371,Customer 371,North,Haryana,Returning Customer,Female,48
CUST0372,Customer 372,South,Tamil Nadu,New Customer,Female,28
CUST0373,Customer 373,West,Goa,Returning Customer,Female,35
CUST0374,Customer 374,East,Bihar,Returning Customer,Male,39
CUST0375,Customer 375,North,Uttar Pradesh,Loyal Customer,Female,55
CUST0376,Customer 376,West,Gujarat,Returning Customer,Female,42
CUST0377,Customer 377,South,Kerala,Returning Customer,Male,38
CUST0378,Customer 378,East,Bihar,Returning Customer,Male,55
CUST0379,Customer 379,North,Haryana,New Customer,Male,35
CUST0380,Customer 380,West,Rajasthan,Loyal Customer,Male,52
CUST0381,Customer 381,West,Goa,New Customer,Male,37
CUST0382,Customer 382,North,Punjab,Returning Customer,Male,34
CUST0383,Customer 383,North,Punjab,Returning Customer,Male,52
CUST0384,Customer 384,East,West Bengal,New Customer,Female,55
CUST0385,Customer 385,East,Bihar,Returning Customer,Male,30
CUST0386,Customer 386,South,Tamil Nadu,New Customer,Male,36
CUST0387,Customer 387,East,Bihar,Returning Customer,Male,33
CUST0388,Customer 388,North,Punjab,Returning Customer,Male,41
CUST0389,Customer 389,West,Maharashtra,New Customer,Female,19
CUST0390,Customer 390,East,Bihar,Loyal Customer,Male,24
CUST0391,Customer 391,North,Uttar Pradesh,Loyal Customer,Female,55
CUST0392,Customer 392,South,Telangana,Returning Customer,Female,24
CUST0393,Customer 393,West,Gujarat,Returning Customer,Male,39
CUST0394,Customer 394,South,Tamil Nadu,Returning Customer,Male,19
CUST0395,Customer 395,North,Delhi,Loyal Customer,Female,47
CUST0396,Customer 396,West,Maharashtra,Loyal Customer,Female,25
CUST0397,Customer 397,North,Haryana,Returning Customer,Male,23
CUST0398,Customer 398,West,Gujarat,Returning Customer,Male,41
CUST0399,Customer 399,South,Tamil Nadu,New Customer,Male,34
CUST0400,Customer 400,East,West Bengal,Loyal Customer,Male,21
CUST0401,Customer 401,East,Jharkhand,New Customer,Male,27
CUST0402,Customer 402,East,West Bengal,New Customer,Female,55
CUST0403,Customer 403,West,Maharashtra,Returning Customer,Female,41
CUST0404,Customer 404,East,Jharkhand,New Customer,Female,48
CUST0405,Customer 405,West,Gujarat,Returning Customer,Male,27
CUST0406,Customer 406,North,Punjab,Loyal Customer,Male,20
CUST0407,Customer 407,South,Tamil Nadu,New Customer,Female,26
CUST0408,Customer 408,West,Maharashtra,Returning Customer,Male,22
CUST0409,Customer 409,West,Rajasthan,Returning Customer,Male,48
CUST0410,Customer 410,North,Haryana,New Customer,Female,32
CUST0411,Customer 411,North,Uttar Pradesh,Loyal Customer,Female,53
CUST0412,Customer 412,South,Kerala,New Customer,Female,44
CUST0413,Customer 413,West,Gujarat,New Customer,Male,35
CUST0414,Customer 414,East,Bihar,New Customer,Female,49
CUST0415,Customer 415,North,Haryana,Returning Customer,Female,25
CUST0416,Customer 416,South,Karnataka,Loyal Customer,Male,53
CUST0417,Customer 417,West,Rajasthan,New Customer,Female,30
CUST0418,Customer 418,East,Jharkhand,Returning Customer,Male,33
CUST0419,Customer 419,North,Punjab,Returning Customer,Female,28
CUST0420,Customer 420,North,Haryana,New Customer,Male,46
CUST0421,Customer 421,East,Odisha,Returning Customer,Male,51
CUST0422,Customer 422,East,Odisha,Returning Customer,Female,20
CUST0423,Customer 423,West,Gujarat,Returning Customer,Male,26
CUST0424,Customer 424,South,Tamil Nadu,Loyal Customer,Male,30
CUST0425,Customer 425,North,Delhi,Loyal Customer,Female,35
CUST0426,Customer 426,South,Tamil Nadu,New Customer,Male,55
CUST0427,Customer 427,East,Odisha,New Customer,Male,51
CUST0428,Customer 428,West,Maharashtra,Loyal Customer,Female,39
CUST0429,Customer 429,East,Jharkhand,New Customer,Male,44
CUST0430,Customer 430,West,Gujarat,Loyal Customer,Female,33
CUST0431,Customer 431,South,Telangana,New Customer,Male,41
CUST0432,Customer 432,North,Haryana,Loyal Customer,Female,51
CUST0433,Customer 433,North,Delhi,Returning Customer,Male,38
CUST0434,Customer 434,West,Maharashtra,Returning Customer,Male,49
CUST0435,Customer 435,West,Maharashtra,Loyal Customer,Male,19
CUST0436,Customer 436,South,Karnataka,New Customer,Male,28
CUST0437,Customer 437,North,Haryana,Returning Customer,Male,19
CUST0438,Customer 438,North,Uttar Pradesh,Returning Customer,Male,54
CUST0439,Customer 439,West,Gujarat,Loyal Customer,Female,24
CUST0440,Customer 440,East,West Bengal,Loyal Customer,Male,20
CUST0441,Customer 441,East,West Bengal,Returning Customer,Female,55
CUST0442,Customer 442,East,West Bengal,New Customer,Male,43
CUST0443,Customer 443,South,Tamil Nadu,New Customer,Male,54
CUST0444,Customer 444,West,Goa,New Customer,Male,42
CUST0445,Customer 445,West,Maharashtra,Returning Customer,Male,41
CUST0446,Customer 446,East,Jharkhand,New Customer,Female,45
CUST0447,Customer 447,East,Jharkhand,Loyal Customer,Male,38
CUST0448,Customer 448,South,Telangana,New Customer,Female,18
CUST0449,Customer 449,East,West Bengal,Loyal Customer,Male,22
CUST0450,Customer 450,East,Jharkhand,New Customer,Male,32
CUST0451,Customer 451,South,Kerala,Returning Customer,Female,20
CUST0452,Customer 452,North,Delhi,Loyal Customer,Female,35
CUST0453,Customer 453,North,Delhi,Returning Customer,Male,51
CUST0454,Customer 454,North,Punjab,New Customer,Male,36
CUST0455,Customer 455,North,Haryana,Returning Customer,Male,25
CUST0456,Customer 456,North,Haryana,New Customer,Female,55
CUST0457,Customer 457,South,Kerala,New Customer,Male,36
CUST0458,Customer 458,West,Rajasthan,Returning Customer,Male,23
CUST0459,Customer 459,East,Jharkhand,Loyal Customer,Male,42
CUST0460,Customer 460,South,Telangana,Returning Customer,Female,48
CUST0461,Customer 461,West,Rajasthan,New Customer,Male,39
CUST0462,Customer 462,South,Tamil Nadu,Loyal Customer,Female,55
CUST0463,Customer 463,West,Maharashtra,Returning Customer,Male,33
CUST0464,Customer 464,East,Bihar,Returning Customer,Female,36
CUST0465,Customer 465,South,Telangana,New Customer,Male,28
CUST0466,Customer 466,North,Haryana,Returning Customer,Male,51
CUST0467,Customer 467,West,Goa,Returning Customer,Male,51
CUST0468,Customer 468,South,Tamil Nadu,Returning Customer,Female,40
CUST0469,Customer 469,South,Tamil Nadu,Loyal Customer,Female,51
CUST0470,Customer 470,North,Punjab,Returning Customer,Male,44
CUST0471,Customer 471,North,Delhi,Returning Customer,Male,49
CUST0472,Customer 472,West,Gujarat,Returning Customer,Female,25
CUST0473,Customer 473,West,Goa,Loyal Customer,Female,36
CUST0474,Customer 474,East,Bihar,Returning Customer,Female,51
CUST0475,Customer 475,West,Rajasthan,New Customer,Female,42
CUST0476,Customer 476,West,Rajasthan,New Customer,Female,27
CUST0477,Customer 477,West,Goa,Loyal Customer,Male,23
CUST0478,Customer 478,East,Bihar,Loyal Customer,Male,38
CUST0479,Customer 479,South,Kerala,New Customer,Male,21
CUST0480,Customer 480,East,Jharkhand,Returning Customer,Female,52
CUST0481,Customer 481,West,Goa,Returning Customer,Female,40
CUST0482,Customer 482,North,Haryana,Returning Customer,Male,22
CUST0483,Customer 483,South,Karnataka,Returning Customer,Female,50
CUST0484,Customer 484,West,Gujarat,New Customer,Female,49
CUST0485,Customer 485,West,Goa,Loyal Customer,Female,51
CUST0486,Customer 486,North,Uttar Pradesh,Returning Customer,Female,41
CUST0487,Customer 487,North,Haryana,Loyal Customer,Male,25
CUST0488,Customer 488,East,Bihar,Loyal Customer,Female,28
CUST0489,Customer 489,East,Odisha,Loyal Customer,Male,44
CUST0490,Customer 490,South,Karnataka,Loyal Customer,Male,40
CUST0491,Customer 491,North,Punjab,New Customer,Male,37
CUST0492,Customer 492,North,Haryana,Returning Customer,Male,55
CUST0493,Customer 493,North,Delhi,New Customer,Male,49
CUST0494,Customer 494,East,Odisha,Loyal Customer,Male,44
CUST0495,Customer 495,North,Uttar Pradesh,New Customer,Male,19
CUST0496,Customer 496,North,Delhi,New Customer,Female,47
CUST0497,Customer 497,West,Maharashtra,Loyal Customer,Male,55
CUST0498,Customer 498,East,Odisha,Loyal Customer,Male,40
CUST0499,Customer 499,East,Odisha,New Customer,Female,24
CUST0500,Customer 500,North,Haryana,New Customer,Female,42
CUST0501,Customer 501,North,Delhi,New Customer,Female,55
CUST0502,Customer 502,North,Punjab,New Customer,Male,33
CUST0503,Customer 503,South,Karnataka,New Customer,Male,38
CUST0504,Customer 504,North,Punjab,Returning Customer,Female,34
CUST0505,Customer 505,West,Maharashtra,New Customer,Female,55
CUST0506,Customer 506,South,Kerala,Returning Customer,Female,49
CUST0507,Customer 507,North,Uttar Pradesh,New Customer,Male,28
CUST0508,Customer 508,East,Jharkhand,New Customer,Male,36
CUST0509,Customer 509,West,Rajasthan,New Customer,Female,52
CUST0510,Customer 510,West,Rajasthan,Returning Customer,Male,25
CUST0511,Customer 511,West,Rajasthan,Loyal Customer,Male,42
CUST0512,Customer 512,South,Kerala,Returning Customer,Female,33
CUST0513,Customer 513,West,Maharashtra,Returning Customer,Male,39
CUST0514,Customer 514,South,Tamil Nadu,Loyal Customer,Male,23
CUST0515,Customer 515,South,Telangana,Loyal Customer,Male,53
CUST0516,Customer 516,West,Goa,New Customer,Male,41
CUST0517,Customer 517,East,Odisha,Loyal Customer,Female,42
CUST0518,Customer 518,South,Telangana,Returning Customer,Male,32
CUST0519,Customer 519,West,Gujarat,Loyal Customer,Female,46
CUST0520,Customer 520,East,Odisha,Returning Customer,Male,26
CUST0521,Customer 521,North,Delhi,Loyal Customer,Female,42
CUST0522,Customer 522,North,Uttar Pradesh,Returning Customer,Male,42
CUST0523,Customer 523,North,Uttar Pradesh,New Customer,Female,30
CUST0524,Customer 524,North,Delhi,Loyal Customer,Female,50
CUST0525,Customer 525,East,Odisha,New Customer,Female,23
CUST0526,Customer 526,South,Telangana,New Customer,Female,36
CUST0527,Customer 527,East,Jharkhand,Returning Customer,Male,35
CUST0528,Customer 528,South,Karnataka,Returning Customer,Female,44
CUST0529,Customer 529,North,Punjab,New Customer,Female,40
CUST0530,Customer 530,North,Uttar Pradesh,Returning Customer,Male,35
CUST0531,Customer 531,South,Karnataka,Returning Customer,Male,28
CUST0532,Customer 532,West,Gujarat,Returning Customer,Male,42
CUST0533,Customer 533,North,Haryana,Loyal Customer,Male,54
CUST0534,Customer 534,South,Kerala,Loyal Customer,Female,45
CUST0535,Customer 535,East,West Bengal,New Customer,Female,20
CUST0536,Customer 536,North,Uttar Pradesh,Loyal Customer,Male,20
CUST0537,Customer 537,East,Odisha,Returning Customer,Male,44
CUST0538,Customer 538,West,Gujarat,Returning Customer,Male,40
CUST0539,Customer 539,West,Goa,Returning Customer,Female,50
CUST0540,Customer 540,North,Uttar Pradesh,Returning Customer,Male,49
CUST0541,Customer 541,South,Karnataka,Loyal Customer,Female,29
CUST0542,Customer 542,South,Tamil Nadu,Loyal Customer,Female,33
CUST0543,Customer 543,North,Uttar Pradesh,Returning Customer,Female,44
CUST0544,Customer 544,North,Uttar Pradesh,Loyal Customer,Female,26
CUST0545,Customer 545,South,Kerala,Loyal Customer,Female,33
CUST0546,Customer 546,South,Karnataka,Loyal Customer,Female,26
CUST0547,Customer 547,East,Bihar,New Customer,Male,55
CUST0548,Customer 548,South,Telangana,Loyal Customer,Male,53
CUST0549,Customer 549,West,Gujarat,Loyal Customer,Male,47
CUST0550,Customer 550,West,Gujarat,New Customer,Female,18
CUST0551,Customer 551,East,Jharkhand,New Customer,Male,21
CUST0552,Customer 552,East,Bihar,New Customer,Male,37
CUST0553,Customer 553,West,Maharashtra,New Customer,Female,46
CUST0554,Customer 554,West,Rajasthan,Returning Customer,Male,53
CUST0555,Customer 555,North,Delhi,New Customer,Female,49
CUST0556,Customer 556,North,Haryana,Loyal Customer,Female,24
CUST0557,Customer 557,West,Goa,Returning Customer,Male,52
CUST0558,Customer 558,East,West Bengal,Returning Customer,Male,36
CUST0559,Customer 559,East,Odisha,New Customer,Male,19
CUST0560,Customer 560,North,Punjab,New Customer,Female,41
CUST0561,Customer 561,South,Tamil Nadu,New Customer,Female,38
CUST0562,Customer 562,West,Gujarat,Loyal Customer,Female,38
CUST0563,Customer 563,South,Telangana,New Customer,Female,34
CUST0564,Customer 564,South,Karnataka,New Customer,Male,54
CUST0565,Customer 565,West,Maharashtra,New Customer,Female,45
CUST0566,Customer 566,West,Gujarat,Returning Customer,Male,27
CUST0567,Customer 567,South,Tamil Nadu,New Customer,Female,43
CUST0568,Customer 568,North,Delhi,Returning Customer,Female,30
CUST0569,Customer 569,South,Telangana,New Customer,Male,50
CUST0570,Customer 570,West,Gujarat,Returning Customer,Male,21
CUST0571,Customer 571,West,Rajasthan,New Customer,Female,18
CUST0572,Customer 572,South,Tamil Nadu,Returning Customer,Female,18
CUST0573,Customer 573,West,Rajasthan,Loyal Customer,Male,48
CUST0574,Customer 574,North,Haryana,Loyal Customer,Female,45
CUST0575,Customer 575,South,Kerala,Loyal Customer,Male,21
CUST0576,Customer 576,East,Bihar,Loyal Customer,Female,41
CUST0577,Customer 577,West,Gujarat,Returning Customer,Female,51
CUST0578,Customer 578,North,Uttar Pradesh,New Customer,Female,23
CUST0579,Customer 579,South,Telangana,Loyal Customer,Female,41
CUST0580,Customer 580,South,Kerala,Returning Customer,Female,25
CUST0581,Customer 581,South,Tamil Nadu,New Customer,Male,32
CUST0582,Customer 582,East,West Bengal,New Customer,Female,49
CUST0583,Customer 583,South,Kerala,New Customer,Male,50
CUST0584,Customer 584,North,Punjab,Loyal Customer,Male,46
CUST0585,Customer 585,South,Karnataka,Loyal Customer,Male,47
CUST0586,Customer 586,West,Gujarat,New Customer,Female,23
CUST0587,Customer 587,South,Telangana,Loyal Customer,Male,43
CUST0588,Customer 588,South,Karnataka,Returning Customer,Male,18
CUST0589,Customer 589,South,Kerala,Returning Customer,Male,26
CUST0590,Customer 590,West,Maharashtra,Loyal Customer,Male,54
CUST0591,Customer 591,North,Haryana,New Customer,Female,39
CUST0592,Customer 592,North,Haryana,New Customer,Male,41
CUST0593,Customer 593,East,Jharkhand,New Customer,Female,24
CUST0594,Customer 594,East,Bihar,Loyal Customer,Male,20
CUST0595,Customer 595,South,Telangana,Returning Customer,Male,46
CUST0596,Customer 596,North,Punjab,New Customer,Male,49
CUST0597,Customer 597,North,Delhi,Returning Customer,Male,27
CUST0598,Customer 598,East,Jharkhand,New Customer,Female,52
CUST0599,Customer 599,East,Jharkhand,New Customer,Male,39
CUST0600,Customer 600,South,Kerala,Loyal Customer,Female,20
CUST0601,Customer 601,North,Delhi,New Customer,Female,48
CUST0602,Customer 602,South,Kerala,Returning Customer,Male,51
CUST0603,Customer 603,North,Haryana,Returning Customer,Male,37
CUST0604,Customer 604,South,Karnataka,New Customer,Male,41
CUST0605,Customer 605,West,Rajasthan,Loyal Customer,Female,42
CUST0606,Customer 606,East,Bihar,New Customer,Female,55
CUST0607,Customer 607,West,Rajasthan,New Customer,Male,33
CUST0608,Customer 608,West,Maharashtra,Loyal Customer,Male,27
CUST0609,Customer 609,East,Jharkhand,Returning Customer,Male,50
CUST0610,Customer 610,East,Bihar,Loyal Customer,Male,20
CUST0611,Customer 611,North,Uttar Pradesh,Returning Customer,Male,41
CUST0612,Customer 612,East,Odisha,New Customer,Male,37
CUST0613,Customer 613,East,Bihar,Loyal Customer,Male,40
CUST0614,Customer 614,West,Rajasthan,New Customer,Female,38
CUST0615,Customer 615,West,Rajasthan,New Customer,Male,40
CUST0616,Customer 616,South,Tamil Nadu,New Customer,Male,47
CUST0617,Customer 617,West,Goa,Returning Customer,Female,28
CUST0618,Customer 618,North,Uttar Pradesh,Returning Customer,Female,34
CUST0619,Customer 619,East,West Bengal,New Customer,Male,55
CUST0620,Customer 620,South,Telangana,Loyal Customer,Female,47
CUST0621,Customer 621,East,Jharkhand,Loyal Customer,Male,49
CUST0622,Customer 622,East,Odisha,Returning Customer,Female,52
CUST0623,Customer 623,North,Uttar Pradesh,Loyal Customer,Female,33
CUST0624,Customer 624,North,Uttar Pradesh,New Customer,Female,46
CUST0625,Customer 625,South,Telangana,Loyal Customer,Male,30
CUST0626,Customer 626,South,Karnataka,New Customer,Male,23
CUST0627,Customer 627,North,Haryana,Loyal Customer,Male,18
CUST0628,Customer 628,South,Telangana,Loyal Customer,Male,38
CUST0629,Customer 629,North,Uttar Pradesh,Returning Customer,Female,19
CUST0630,Customer 630,West,Goa,Loyal Customer,Female,29
CUST0631,Customer 631,North,Punjab,New Customer,Male,39
CUST0632,Customer 632,West,Goa,Returning Customer,Female,18
CUST0633,Customer 633,North,Haryana,Loyal Customer,Female,21
CUST0634,Customer 634,West,Rajasthan,New Customer,Male,19
CUST0635,Customer 635,South,Tamil Nadu,New Customer,Male,40
CUST0636,Customer 636,East,Jharkhand,Returning Customer,Male,54
CUST0637,Customer 637,East,Odisha,Loyal Customer,Female,48
CUST0638,Customer 638,North,Haryana,Loyal Customer,Female,53
CUST0639,Customer 639,East,Bihar,Loyal Customer,Female,26
CUST0640,Customer 640,East,West Bengal,Loyal Customer,Female,24
CUST0641,Customer 641,East,Odisha,Loyal Customer,Male,43
CUST0642,Customer 642,North,Delhi,Loyal Customer,Male,25
CUST0643,Customer 643,North,Uttar Pradesh,Loyal Customer,Male,34
CUST0644,Customer 644,East,Odisha,New Customer,Male,51
CUST0645,Customer 645,North,Haryana,Loyal Customer,Male,46
CUST0646,Customer 646,West,Gujarat,Loyal Customer,Female,42
CUST0647,Customer 647,West,Gujarat,Returning Customer,Male,24
CUST0648,Customer 648,North,Delhi,Loyal Customer,Female,40
CUST0649,Customer 649,North,Uttar Pradesh,Loyal Customer,Female,44
CUST0650,Customer 650,West,Gujarat,New Customer,Female,19
CUST0651,Customer 651,East,Jharkhand,New Customer,Male,40
CUST0652,Customer 652,South,Telangana,Returning Customer,Female,37
CUST0653,Customer 653,West,Gujarat,Loyal Customer,Male,48
CUST0654,Customer 654,East,Odisha,Returning Customer,Female,23
CUST0655,Customer 655,East,West Bengal,Returning Customer,Male,28
CUST0656,Customer 656,East,Jharkhand,New Customer,Male,31
CUST0657,Customer 657,East,West Bengal,Returning Customer,Male,45
CUST0658,Customer 658,South,Telangana,Loyal Customer,Male,25
CUST0659,Customer 659,South,Karnataka,New Customer,Female,27
CUST0660,Customer 660,East,West Bengal,New Customer,Female,43
CUST0661,Customer 661,North,Punjab,Returning Customer,Female,39
CUST0662,Customer 662,North,Uttar Pradesh,New Customer,Male,20
CUST0663,Customer 663,South,Tamil Nadu,Loyal Customer,Female,24
CUST0664,Customer 664,North,Delhi,Returning Customer,Male,25
CUST0665,Customer 665,North,Punjab,New Customer,Female,18
CUST0666,Customer 666,South,Tamil Nadu,Loyal Customer,Male,52
CUST0667,Customer 667,North,Haryana,Returning Customer,Male,40
CUST0668,Customer 668,South,Tamil Nadu,Loyal Customer,Male,35
CUST0669,Customer 669,South,Karnataka,Returning Customer,Female,22
CUST0670,Customer 670,North,Uttar Pradesh,Loyal Customer,Male,44
CUST0671,Customer 671,East,Bihar,New Customer,Female,20
CUST0672,Customer 672,West,Rajasthan,Loyal Customer,Female,44
CUST0673,Customer 673,East,Jharkhand,Returning Customer,Female,52
CUST0674,Customer 674,West,Goa,New Customer,Female,42
CUST0675,Customer 675,West,Gujarat,Loyal Customer,Male,33
CUST0676,Customer 676,East,Jharkhand,New Customer,Male,25
CUST0677,Customer 677,North,Delhi,Loyal Customer,Male,43
CUST0678,Customer 678,East,Jharkhand,Loyal Customer,Female,47
CUST0679,Customer 679,North,Punjab,Loyal Customer,Female,50
CUST0680,Customer 680,East,Jharkhand,New Customer,Female,40
CUST0681,Customer 681,North,Punjab,Loyal Customer,Female,38
CUST0682,Customer 682,North,Uttar Pradesh,Loyal Customer,Female,34
CUST0683,Customer 683,West,Rajasthan,Loyal Customer,Female,54
CUST0684,Customer 684,South,Tamil Nadu,New Customer,Female,51
CUST0685,Customer 685,South,Tamil Nadu,Returning Customer,Male,29
CUST0686,Customer 686,South,Kerala,New Customer,Male,38
CUST0687,Customer 687,West,Rajasthan,Returning Customer,Male,44
CUST0688,Customer 688,South,Telangana,Returning Customer,Male,41
CUST0689,Customer 689,East,Bihar,Returning Customer,Male,35
CUST0690,Customer 690,West,Rajasthan,Returning Customer,Male,46
CUST0691,Customer 691,West,Gujarat,Loyal Customer,Male,18
CUST0692,Customer 692,South,Telangana,Returning Customer,Male,41
CUST0693,Customer 693,East,Jharkhand,Returning Customer,Male,53
CUST0694,Customer 694,South,Karnataka,Loyal Customer,Female,21
CUST0695,Customer 695,South,Telangana,Loyal Customer,Female,38
CUST0696,Customer 696,East,Odisha,Returning Customer,Female,23
CUST0697,Customer 697,West,Maharashtra,New Customer,Male,45
CUST0698,Customer 698,East,Bihar,New Customer,Female,42
CUST0699,Customer 699,East,West Bengal,Loyal Customer,Female,44
CUST0700,Customer 700,West,Rajasthan,Returning Customer,Male,42
